{"cameraMode":{"drawMode":0,"name":"Shaded","section":"Shading Mode"},"sceneLighting":false,"audioPlay":false,"sceneViewState":{"showFog":false,"showMaterialUpdate":false,"showSkybox":false,"showFlares":false,"showImageEffects":false,"showParticleSystems":false},"in2DMode":false,"pivot":{"x":24.248376846313478,"y":-1.8556604385375977,"z":50.28756332397461},"rotation":{"x":-0.0005716410814784467,"y":-0.7710505127906799,"z":0.6367734670639038,"w":-0.0006903432076796889},"size":225.70753479003907,"orthographic":false}