{"cameraMode":{"drawMode":0,"name":"Shaded","section":"Shading Mode"},"sceneLighting":true,"audioPlay":false,"sceneViewState":{"showFog":false,"showMaterialUpdate":false,"showSkybox":false,"showFlares":false,"showImageEffects":false,"showParticleSystems":false},"in2DMode":false,"pivot":{"x":558.4713134765625,"y":4.632450580596924,"z":195.3628692626953},"rotation":{"x":0.40357330441474917,"y":-0.5934569239616394,"z":0.45239633321762087,"w":0.5294100642204285},"size":40.980716705322269,"orthographic":false}