{"cameraMode":{"drawMode":0,"name":"Shaded","section":"Shading Mode"},"sceneLighting":true,"audioPlay":false,"sceneViewState":{"showFog":false,"showMaterialUpdate":false,"showSkybox":false,"showFlares":false,"showImageEffects":false,"showParticleSystems":false},"in2DMode":false,"pivot":{"x":-415.4742126464844,"y":-2320.200439453125,"z":108.76428985595703},"rotation":{"x":0.40357330441474917,"y":-0.5934569239616394,"z":0.45239633321762087,"w":0.5294100642204285},"size":2826.296630859375,"orthographic":false}