{"cameraMode":{"drawMode":0,"name":"Shaded","section":"Shading Mode"},"sceneLighting":true,"audioPlay":false,"sceneViewState":{"showFog":false,"showMaterialUpdate":false,"showSkybox":false,"showFlares":false,"showImageEffects":false,"showParticleSystems":false},"in2DMode":false,"pivot":{"x":117.54368591308594,"y":119.27295684814453,"z":728.2242431640625},"rotation":{"x":0.02505812980234623,"y":-0.8790152668952942,"z":0.04648267477750778,"w":0.47386035323143008},"size":1046.694091796875,"orthographic":false}