{"cameraMode":{"drawMode":0,"name":"Shaded","section":"Shading Mode"},"sceneLighting":true,"audioPlay":false,"sceneViewState":{"showFog":false,"showMaterialUpdate":false,"showSkybox":false,"showFlares":false,"showImageEffects":false,"showParticleSystems":false},"in2DMode":false,"pivot":{"x":-3.3110713958740236,"y":-1.90570068359375,"z":-5.1953887939453129},"rotation":{"x":0.3259267508983612,"y":0.5493224859237671,"z":-0.24552884697914124,"w":0.7291996479034424},"size":2123.08447265625,"orthographic":false}