{"cameraMode":{"drawMode":0,"name":"Shaded","section":"Shading Mode"},"sceneLighting":true,"audioPlay":false,"sceneViewState":{"showFog":false,"showMaterialUpdate":false,"showSkybox":false,"showFlares":false,"showImageEffects":false,"showParticleSystems":false},"in2DMode":false,"pivot":{"x":-508.67633056640627,"y":-1573.627197265625,"z":-75.79739379882813},"rotation":{"x":0.036060936748981479,"y":-0.8217970132827759,"z":0.5662243366241455,"w":0.05233907327055931},"size":2437.730224609375,"orthographic":false}