{"cameraMode":{"drawMode":0,"name":"Shaded","section":"Shading Mode"},"sceneLighting":false,"audioPlay":false,"sceneViewState":{"showFog":false,"showMaterialUpdate":false,"showSkybox":false,"showFlares":false,"showImageEffects":false,"showParticleSystems":false},"in2DMode":false,"pivot":{"x":5.44397497177124,"y":-3.869196891784668,"z":-3.3661961555480959},"rotation":{"x":-0.2753264009952545,"y":-0.6560626029968262,"z":0.28032633662223818,"w":-0.6443558931350708},"size":19.88370704650879,"orthographic":false}