{"cameraMode":{"drawMode":0,"name":"Shaded","section":"Shading Mode"},"sceneLighting":true,"audioPlay":false,"sceneViewState":{"showFog":false,"showMaterialUpdate":false,"showSkybox":false,"showFlares":false,"showImageEffects":false,"showParticleSystems":false},"in2DMode":false,"pivot":{"x":-315.1405334472656,"y":-295.17266845703127,"z":270.9336242675781},"rotation":{"x":0.1688266545534134,"y":-0.7535564303398132,"z":0.21247494220733643,"w":0.5987525582313538},"size":1777.0982666015625,"orthographic":false}