{"cameraMode":{"drawMode":0,"name":"Shaded","section":"Shading Mode"},"sceneLighting":false,"audioPlay":false,"sceneViewState":{"showFog":false,"showMaterialUpdate":false,"showSkybox":false,"showFlares":false,"showImageEffects":false,"showParticleSystems":false},"in2DMode":false,"pivot":{"x":-5.5484299659729,"y":0.5324509143829346,"z":253.6825714111328},"rotation":{"x":-0.12615039944648744,"y":0.7287744879722595,"z":-0.13964055478572846,"w":-0.6583877801895142},"size":47.703468322753909,"orthographic":false}