{"cameraMode":{"drawMode":0,"name":"Shaded","section":"Shading Mode"},"sceneLighting":true,"audioPlay":false,"sceneViewState":{"showFog":false,"showMaterialUpdate":false,"showSkybox":false,"showFlares":false,"showImageEffects":false,"showParticleSystems":false},"in2DMode":false,"pivot":{"x":909.1113891601563,"y":-641.0643310546875,"z":134.80723571777345},"rotation":{"x":-0.21017028391361237,"y":-0.7376126646995544,"z":0.2653375566005707,"w":-0.5842533707618713},"size":1455.455810546875,"orthographic":false}