{"cameraMode":{"drawMode":0,"name":"Shaded","section":"Shading Mode"},"sceneLighting":true,"audioPlay":false,"sceneViewState":{"showFog":true,"showMaterialUpdate":true,"showSkybox":true,"showFlares":true,"showImageEffects":true,"showParticleSystems":true},"in2DMode":false,"pivot":{"x":699.951904296875,"y":13.222073554992676,"z":178.63978576660157},"rotation":{"x":0.5414918065071106,"y":-0.22239799797534944,"z":0.15119165182113648,"w":0.7965342998504639},"size":36.04720687866211,"orthographic":false}