{"cameraMode":{"drawMode":0,"name":"Shaded","section":"Shading Mode"},"sceneLighting":false,"audioPlay":false,"sceneViewState":{"showFog":false,"showMaterialUpdate":false,"showSkybox":false,"showFlares":false,"showImageEffects":false,"showParticleSystems":false},"in2DMode":false,"pivot":{"x":-9.313518524169922,"y":-0.6787435412406921,"z":254.5852508544922},"rotation":{"x":-0.12615039944648744,"y":0.7287744879722595,"z":-0.13964055478572846,"w":-0.6583877801895142},"size":8.169233322143555,"orthographic":false}