{"cameraMode":{"drawMode":0,"name":"Shaded","section":"Shading Mode"},"sceneLighting":false,"audioPlay":false,"sceneViewState":{"showFog":false,"showMaterialUpdate":false,"showSkybox":false,"showFlares":false,"showImageEffects":false,"showParticleSystems":false},"in2DMode":false,"pivot":{"x":-3.6426382064819338,"y":-2.79374623298645,"z":257.4462890625},"rotation":{"x":-0.4121910035610199,"y":0.07284904271364212,"z":-0.03308818116784096,"w":-0.907577395439148},"size":18.930036544799806,"orthographic":false}