{"cameraMode":{"drawMode":0,"name":"Shaded","section":"Shading Mode"},"sceneLighting":true,"audioPlay":false,"sceneViewState":{"showFog":false,"showMaterialUpdate":false,"showSkybox":false,"showFlares":false,"showImageEffects":false,"showParticleSystems":false},"in2DMode":false,"pivot":{"x":-0.14902804791927339,"y":2.7999215126037599,"z":1.5260989665985108},"rotation":{"x":-0.1536964625120163,"y":0.6564527750015259,"z":-0.13910572230815888,"w":-0.725325345993042},"size":20.21649169921875,"orthographic":false}