{"cameraMode":{"drawMode":0,"name":"Shaded","section":"Shading Mode"},"sceneLighting":true,"audioPlay":false,"sceneViewState":{"showFog":true,"showMaterialUpdate":true,"showSkybox":true,"showFlares":true,"showImageEffects":true,"showParticleSystems":true},"in2DMode":false,"pivot":{"x":331.4681396484375,"y":-401.5610656738281,"z":-406.9493103027344},"rotation":{"x":0.04535990208387375,"y":0.9333314299583435,"z":-0.3326197862625122,"w":0.12727555632591248},"size":851.912109375,"orthographic":false}