{"cameraMode":{"drawMode":0,"name":"Shaded","section":"Shading Mode"},"sceneLighting":false,"audioPlay":false,"sceneViewState":{"showFog":false,"showMaterialUpdate":false,"showSkybox":false,"showFlares":false,"showImageEffects":false,"showParticleSystems":false},"in2DMode":false,"pivot":{"x":0.00002199411392211914,"y":0.6527290344238281,"z":0.5054633021354675},"rotation":{"x":-0.4172182083129883,"y":-0.5716899633407593,"z":0.41972869634628298,"w":-0.5682671070098877},"size":8.042313575744629,"orthographic":false}