{"cameraMode":{"drawMode":0,"name":"Shaded","section":"Shading Mode"},"sceneLighting":true,"audioPlay":false,"sceneViewState":{"showFog":false,"showMaterialUpdate":false,"showSkybox":false,"showFlares":false,"showImageEffects":false,"showParticleSystems":false},"in2DMode":false,"pivot":{"x":379.9517822265625,"y":-2.766695022583008,"z":191.91905212402345},"rotation":{"x":-0.31872618198394778,"y":-0.4434838593006134,"z":0.17242678999900819,"w":-0.819758951663971},"size":29.253311157226564,"orthographic":false}