{"cameraMode":{"drawMode":0,"name":"Shaded","section":"Shading Mode"},"sceneLighting":true,"audioPlay":false,"sceneViewState":{"showFog":false,"showMaterialUpdate":false,"showSkybox":false,"showFlares":false,"showImageEffects":false,"showParticleSystems":false},"in2DMode":false,"pivot":{"x":341.08477783203127,"y":236.66558837890626,"z":97.3904800415039},"rotation":{"x":-0.5805036425590515,"y":-0.07979641854763031,"z":0.05730587616562843,"w":-0.8083094358444214},"size":8.676894187927246,"orthographic":false}