{"cameraMode":{"drawMode":0,"name":"Shaded","section":"Shading Mode"},"sceneLighting":true,"audioPlay":false,"sceneViewState":{"showFog":false,"showMaterialUpdate":false,"showSkybox":false,"showFlares":false,"showImageEffects":false,"showParticleSystems":false},"in2DMode":false,"pivot":{"x":1212.263916015625,"y":-396.5631103515625,"z":117.63089752197266},"rotation":{"x":0.17707395553588868,"y":0.7156933546066284,"z":-0.19601674377918244,"w":0.6465332508087158},"size":800.9293212890625,"orthographic":false}