{"cameraMode":{"drawMode":0,"name":"Shaded","section":"Shading Mode"},"sceneLighting":true,"audioPlay":false,"sceneViewState":{"showFog":false,"showMaterialUpdate":false,"showSkybox":false,"showFlares":false,"showImageEffects":false,"showParticleSystems":false},"in2DMode":false,"pivot":{"x":933.1533203125,"y":-339.2078552246094,"z":-125.98532104492188},"rotation":{"x":-0.035350680351257327,"y":0.8592793941497803,"z":-0.5067505836486816,"w":-0.05994309484958649},"size":1380.96728515625,"orthographic":false}